Ticker,Name,Series Type,Currency,Country,Sector,Industry,Sic,Exchange,Cik,Fiscal_End,Units,Scale,Flow,Adjustment,Periodicity,Metadata,Corporate_History
USPAYEMSM,"United States Total Nonfarm Payrolls: All Employees (Thous., SA)",Employment,Non Currency Series,United States,,,,,,,Units,Thousands,Stock,none,Monthly From Jan 1939 To Jan 2021<BR>,"Source: Federal Reserve Bank of St. Louis. The data is collected from the FRED database. The FRED database uses data from the Board of Governors of the Federal Reserve System, the Federal Reserve Bank of Philadelphia, the Federal Reserve Bank of St. Louis, the Office of Federal Housing Enterprise Oversight, The White House Council of Economic Advisors and Office of Management and Budget, the Congressional Budget Office, the U.S. Department of Commerce, the U.S. Department of Housing and Urban Development, the Bureau of Labor Statistics and the U.S. Department of the Treasury.  Handbook of Methods Establishment Survey - (http://www.bls.gov/opub/hom/pdf/homch2.pdf) Frequently Asked Questions - (http://stats.bls.gov:80/cps/cps_faq.htm)",
Date,Ticker,Open,High,Low,Close
01/31/1939,USPAYEMSM,,,,29923
02/28/1939,USPAYEMSM,,,,30100
03/31/1939,USPAYEMSM,,,,30280
04/30/1939,USPAYEMSM,,,,30094
05/31/1939,USPAYEMSM,,,,30299
06/30/1939,USPAYEMSM,,,,30502
07/31/1939,USPAYEMSM,,,,30419
08/31/1939,USPAYEMSM,,,,30663
09/30/1939,USPAYEMSM,,,,31031
10/31/1939,USPAYEMSM,,,,31411
11/30/1939,USPAYEMSM,,,,31470
12/31/1939,USPAYEMSM,,,,31542
01/31/1940,USPAYEMSM,,,,31603
02/29/1940,USPAYEMSM,,,,31715
03/31/1940,USPAYEMSM,,,,31825
04/30/1940,USPAYEMSM,,,,31701
05/31/1940,USPAYEMSM,,,,31879
06/30/1940,USPAYEMSM,,,,31977
07/31/1940,USPAYEMSM,,,,31942
08/31/1940,USPAYEMSM,,,,32352
09/30/1940,USPAYEMSM,,,,32810
10/31/1940,USPAYEMSM,,,,33267
11/30/1940,USPAYEMSM,,,,33669
12/31/1940,USPAYEMSM,,,,34174
01/31/1941,USPAYEMSM,,,,34481
02/28/1941,USPAYEMSM,,,,34843
03/31/1941,USPAYEMSM,,,,35092
04/30/1941,USPAYEMSM,,,,35468
05/31/1941,USPAYEMSM,,,,36182
06/30/1941,USPAYEMSM,,,,36650
07/31/1941,USPAYEMSM,,,,37137
08/31/1941,USPAYEMSM,,,,37544
09/30/1941,USPAYEMSM,,,,37835
10/31/1941,USPAYEMSM,,,,37949
11/30/1941,USPAYEMSM,,,,38024
12/31/1941,USPAYEMSM,,,,38104
01/31/1942,USPAYEMSM,,,,38347
02/28/1942,USPAYEMSM,,,,38512
03/31/1942,USPAYEMSM,,,,38935
04/30/1942,USPAYEMSM,,,,39352
05/31/1942,USPAYEMSM,,,,39771
06/30/1942,USPAYEMSM,,,,40029
07/31/1942,USPAYEMSM,,,,40472
08/31/1942,USPAYEMSM,,,,40988
09/30/1942,USPAYEMSM,,,,41259
10/31/1942,USPAYEMSM,,,,41515
11/30/1942,USPAYEMSM,,,,41674
12/31/1942,USPAYEMSM,,,,41915
01/31/1943,USPAYEMSM,,,,42172
02/28/1943,USPAYEMSM,,,,42393
03/31/1943,USPAYEMSM,,,,42552
04/30/1943,USPAYEMSM,,,,42647
05/31/1943,USPAYEMSM,,,,42596
06/30/1943,USPAYEMSM,,,,42781
07/31/1943,USPAYEMSM,,,,42700
08/31/1943,USPAYEMSM,,,,42546
09/30/1943,USPAYEMSM,,,,42492
10/31/1943,USPAYEMSM,,,,42675
11/30/1943,USPAYEMSM,,,,42821
12/31/1943,USPAYEMSM,,,,42746
01/31/1944,USPAYEMSM,,,,42654
02/29/1944,USPAYEMSM,,,,42538
03/31/1944,USPAYEMSM,,,,42294
04/30/1944,USPAYEMSM,,,,42063
05/31/1944,USPAYEMSM,,,,41985
06/30/1944,USPAYEMSM,,,,41947
07/31/1944,USPAYEMSM,,,,41904
08/31/1944,USPAYEMSM,,,,41850
09/30/1944,USPAYEMSM,,,,41679
10/31/1944,USPAYEMSM,,,,41708
11/30/1944,USPAYEMSM,,,,41711
12/31/1944,USPAYEMSM,,,,41860
01/31/1945,USPAYEMSM,,,,41895
02/28/1945,USPAYEMSM,,,,41897
03/31/1945,USPAYEMSM,,,,41798
04/30/1945,USPAYEMSM,,,,41446
05/31/1945,USPAYEMSM,,,,41304
06/30/1945,USPAYEMSM,,,,41149
07/31/1945,USPAYEMSM,,,,40874
08/31/1945,USPAYEMSM,,,,40466
09/30/1945,USPAYEMSM,,,,38507
10/31/1945,USPAYEMSM,,,,38600
11/30/1945,USPAYEMSM,,,,38996
12/31/1945,USPAYEMSM,,,,39110
01/31/1946,USPAYEMSM,,,,39829
02/28/1946,USPAYEMSM,,,,39244
03/31/1946,USPAYEMSM,,,,40195
04/30/1946,USPAYEMSM,,,,40913
05/31/1946,USPAYEMSM,,,,41349
06/30/1946,USPAYEMSM,,,,41735
07/31/1946,USPAYEMSM,,,,42153
08/31/1946,USPAYEMSM,,,,42642
09/30/1946,USPAYEMSM,,,,42915
10/31/1946,USPAYEMSM,,,,43093
11/30/1946,USPAYEMSM,,,,43395
12/31/1946,USPAYEMSM,,,,43379
01/31/1947,USPAYEMSM,,,,43535
02/28/1947,USPAYEMSM,,,,43557
03/31/1947,USPAYEMSM,,,,43607
04/30/1947,USPAYEMSM,,,,43499
05/31/1947,USPAYEMSM,,,,43638
06/30/1947,USPAYEMSM,,,,43810
07/31/1947,USPAYEMSM,,,,43743
08/31/1947,USPAYEMSM,,,,43960
09/30/1947,USPAYEMSM,,,,44203
10/31/1947,USPAYEMSM,,,,44411
11/30/1947,USPAYEMSM,,,,44484
12/31/1947,USPAYEMSM,,,,44581
01/31/1948,USPAYEMSM,,,,44679
02/29/1948,USPAYEMSM,,,,44533
03/31/1948,USPAYEMSM,,,,44683
04/30/1948,USPAYEMSM,,,,44379
05/31/1948,USPAYEMSM,,,,44796
06/30/1948,USPAYEMSM,,,,45034
07/31/1948,USPAYEMSM,,,,45160
08/31/1948,USPAYEMSM,,,,45178
09/30/1948,USPAYEMSM,,,,45294
10/31/1948,USPAYEMSM,,,,45245
11/30/1948,USPAYEMSM,,,,45192
12/31/1948,USPAYEMSM,,,,45032
01/31/1949,USPAYEMSM,,,,44668
02/28/1949,USPAYEMSM,,,,44497
03/31/1949,USPAYEMSM,,,,44240
04/30/1949,USPAYEMSM,,,,44236
05/31/1949,USPAYEMSM,,,,43984
06/30/1949,USPAYEMSM,,,,43739
07/31/1949,USPAYEMSM,,,,43531
08/31/1949,USPAYEMSM,,,,43624
09/30/1949,USPAYEMSM,,,,43780
10/31/1949,USPAYEMSM,,,,42942
11/30/1949,USPAYEMSM,,,,43242
12/31/1949,USPAYEMSM,,,,43522
01/31/1950,USPAYEMSM,,,,43526
02/28/1950,USPAYEMSM,,,,43297
03/31/1950,USPAYEMSM,,,,43954
04/30/1950,USPAYEMSM,,,,44382
05/31/1950,USPAYEMSM,,,,44718
06/30/1950,USPAYEMSM,,,,45083
07/31/1950,USPAYEMSM,,,,45454
08/31/1950,USPAYEMSM,,,,46192
09/30/1950,USPAYEMSM,,,,46438
10/31/1950,USPAYEMSM,,,,46706
11/30/1950,USPAYEMSM,,,,46776
12/31/1950,USPAYEMSM,,,,46861
01/31/1951,USPAYEMSM,,,,47288
02/28/1951,USPAYEMSM,,,,47577
03/31/1951,USPAYEMSM,,,,47873
04/30/1951,USPAYEMSM,,,,47861
05/31/1951,USPAYEMSM,,,,47952
06/30/1951,USPAYEMSM,,,,48064
07/31/1951,USPAYEMSM,,,,48061
08/31/1951,USPAYEMSM,,,,48012
09/30/1951,USPAYEMSM,,,,47954
10/31/1951,USPAYEMSM,,,,48006
11/30/1951,USPAYEMSM,,,,48147
12/31/1951,USPAYEMSM,,,,48314
01/31/1952,USPAYEMSM,,,,48296
02/29/1952,USPAYEMSM,,,,48522
03/31/1952,USPAYEMSM,,,,48504
04/30/1952,USPAYEMSM,,,,48620
05/31/1952,USPAYEMSM,,,,48642
06/30/1952,USPAYEMSM,,,,48282
07/31/1952,USPAYEMSM,,,,48143
08/31/1952,USPAYEMSM,,,,48924
09/30/1952,USPAYEMSM,,,,49320
10/31/1952,USPAYEMSM,,,,49597
11/30/1952,USPAYEMSM,,,,49816
12/31/1952,USPAYEMSM,,,,50166
01/31/1953,USPAYEMSM,,,,50144
02/28/1953,USPAYEMSM,,,,50339
03/31/1953,USPAYEMSM,,,,50473
04/30/1953,USPAYEMSM,,,,50435
05/31/1953,USPAYEMSM,,,,50490
06/30/1953,USPAYEMSM,,,,50519
07/31/1953,USPAYEMSM,,,,50536
08/31/1953,USPAYEMSM,,,,50489
09/30/1953,USPAYEMSM,,,,50368
10/31/1953,USPAYEMSM,,,,50240
11/30/1953,USPAYEMSM,,,,49908
12/31/1953,USPAYEMSM,,,,49703
01/31/1954,USPAYEMSM,,,,49469
02/28/1954,USPAYEMSM,,,,49382
03/31/1954,USPAYEMSM,,,,49157
04/30/1954,USPAYEMSM,,,,49179
05/31/1954,USPAYEMSM,,,,48965
06/30/1954,USPAYEMSM,,,,48895
07/31/1954,USPAYEMSM,,,,48835
08/31/1954,USPAYEMSM,,,,48826
09/30/1954,USPAYEMSM,,,,48886
10/31/1954,USPAYEMSM,,,,48942
11/30/1954,USPAYEMSM,,,,49180
12/31/1954,USPAYEMSM,,,,49331
01/31/1955,USPAYEMSM,,,,49496
02/28/1955,USPAYEMSM,,,,49644
03/31/1955,USPAYEMSM,,,,49962
04/30/1955,USPAYEMSM,,,,50248
05/31/1955,USPAYEMSM,,,,50512
06/30/1955,USPAYEMSM,,,,50790
07/31/1955,USPAYEMSM,,,,50987
08/31/1955,USPAYEMSM,,,,51111
09/30/1955,USPAYEMSM,,,,51266
10/31/1955,USPAYEMSM,,,,51429
11/30/1955,USPAYEMSM,,,,51592
12/31/1955,USPAYEMSM,,,,51805
01/31/1956,USPAYEMSM,,,,51975
02/29/1956,USPAYEMSM,,,,52167
03/31/1956,USPAYEMSM,,,,52294
04/30/1956,USPAYEMSM,,,,52375
05/31/1956,USPAYEMSM,,,,52506
06/30/1956,USPAYEMSM,,,,52586
07/31/1956,USPAYEMSM,,,,51955
08/31/1956,USPAYEMSM,,,,52631
09/30/1956,USPAYEMSM,,,,52604
10/31/1956,USPAYEMSM,,,,52777
11/30/1956,USPAYEMSM,,,,52821
12/31/1956,USPAYEMSM,,,,52929
01/31/1957,USPAYEMSM,,,,52887
02/28/1957,USPAYEMSM,,,,53097
03/31/1957,USPAYEMSM,,,,53156
04/30/1957,USPAYEMSM,,,,53238
05/31/1957,USPAYEMSM,,,,53150
06/30/1957,USPAYEMSM,,,,53067
07/31/1957,USPAYEMSM,,,,53123
08/31/1957,USPAYEMSM,,,,53128
09/30/1957,USPAYEMSM,,,,52934
10/31/1957,USPAYEMSM,,,,52763
11/30/1957,USPAYEMSM,,,,52558
12/31/1957,USPAYEMSM,,,,52384
01/31/1958,USPAYEMSM,,,,52076
02/28/1958,USPAYEMSM,,,,51576
03/31/1958,USPAYEMSM,,,,51299
04/30/1958,USPAYEMSM,,,,51027
05/31/1958,USPAYEMSM,,,,50914
06/30/1958,USPAYEMSM,,,,50914
07/31/1958,USPAYEMSM,,,,51039
08/31/1958,USPAYEMSM,,,,51233
09/30/1958,USPAYEMSM,,,,51506
10/31/1958,USPAYEMSM,,,,51485
11/30/1958,USPAYEMSM,,,,51944
12/31/1958,USPAYEMSM,,,,52085
01/31/1959,USPAYEMSM,,,,52478
02/28/1959,USPAYEMSM,,,,52688
03/31/1959,USPAYEMSM,,,,53014
04/30/1959,USPAYEMSM,,,,53321
05/31/1959,USPAYEMSM,,,,53550
06/30/1959,USPAYEMSM,,,,53681
07/31/1959,USPAYEMSM,,,,53804
08/31/1959,USPAYEMSM,,,,53336
09/30/1959,USPAYEMSM,,,,53428
10/31/1959,USPAYEMSM,,,,53358
11/30/1959,USPAYEMSM,,,,53634
12/31/1959,USPAYEMSM,,,,54174
01/31/1960,USPAYEMSM,,,,54274
02/29/1960,USPAYEMSM,,,,54513
03/31/1960,USPAYEMSM,,,,54454
04/30/1960,USPAYEMSM,,,,54813
05/31/1960,USPAYEMSM,,,,54475
06/30/1960,USPAYEMSM,,,,54348
07/31/1960,USPAYEMSM,,,,54306
08/31/1960,USPAYEMSM,,,,54272
09/30/1960,USPAYEMSM,,,,54227
10/31/1960,USPAYEMSM,,,,54142
11/30/1960,USPAYEMSM,,,,53961
12/31/1960,USPAYEMSM,,,,53742
01/31/1961,USPAYEMSM,,,,53683
02/28/1961,USPAYEMSM,,,,53557
03/31/1961,USPAYEMSM,,,,53659
04/30/1961,USPAYEMSM,,,,53627
05/31/1961,USPAYEMSM,,,,53786
06/30/1961,USPAYEMSM,,,,53977
07/31/1961,USPAYEMSM,,,,54123
08/31/1961,USPAYEMSM,,,,54298
09/30/1961,USPAYEMSM,,,,54388
10/31/1961,USPAYEMSM,,,,54522
11/30/1961,USPAYEMSM,,,,54742
12/31/1961,USPAYEMSM,,,,54872
01/31/1962,USPAYEMSM,,,,54891
02/28/1962,USPAYEMSM,,,,55188
03/31/1962,USPAYEMSM,,,,55275
04/30/1962,USPAYEMSM,,,,55602
05/31/1962,USPAYEMSM,,,,55628
06/30/1962,USPAYEMSM,,,,55644
07/31/1962,USPAYEMSM,,,,55746
08/31/1962,USPAYEMSM,,,,55838
09/30/1962,USPAYEMSM,,,,55978
10/31/1962,USPAYEMSM,,,,56041
11/30/1962,USPAYEMSM,,,,56056
12/31/1962,USPAYEMSM,,,,56028
01/31/1963,USPAYEMSM,,,,56115
02/28/1963,USPAYEMSM,,,,56230
03/31/1963,USPAYEMSM,,,,56320
04/30/1963,USPAYEMSM,,,,56580
05/31/1963,USPAYEMSM,,,,56616
06/30/1963,USPAYEMSM,,,,56659
07/31/1963,USPAYEMSM,,,,56794
08/31/1963,USPAYEMSM,,,,56910
09/30/1963,USPAYEMSM,,,,57078
10/31/1963,USPAYEMSM,,,,57283
11/30/1963,USPAYEMSM,,,,57255
12/31/1963,USPAYEMSM,,,,57361
01/31/1964,USPAYEMSM,,,,57487
02/29/1964,USPAYEMSM,,,,57753
03/31/1964,USPAYEMSM,,,,57897
04/30/1964,USPAYEMSM,,,,57922
05/31/1964,USPAYEMSM,,,,58089
06/30/1964,USPAYEMSM,,,,58219
07/31/1964,USPAYEMSM,,,,58412
08/31/1964,USPAYEMSM,,,,58619
09/30/1964,USPAYEMSM,,,,58903
10/31/1964,USPAYEMSM,,,,58793
11/30/1964,USPAYEMSM,,,,59218
12/31/1964,USPAYEMSM,,,,59421
01/31/1965,USPAYEMSM,,,,59582
02/28/1965,USPAYEMSM,,,,59800
03/31/1965,USPAYEMSM,,,,60003
04/30/1965,USPAYEMSM,,,,60259
05/31/1965,USPAYEMSM,,,,60491
06/30/1965,USPAYEMSM,,,,60690
07/31/1965,USPAYEMSM,,,,60965
08/31/1965,USPAYEMSM,,,,61228
09/30/1965,USPAYEMSM,,,,61490
10/31/1965,USPAYEMSM,,,,61719
11/30/1965,USPAYEMSM,,,,61996
12/31/1965,USPAYEMSM,,,,62322
01/31/1966,USPAYEMSM,,,,62529
02/28/1966,USPAYEMSM,,,,62796
03/31/1966,USPAYEMSM,,,,63192
04/30/1966,USPAYEMSM,,,,63437
05/31/1966,USPAYEMSM,,,,63712
06/30/1966,USPAYEMSM,,,,64111
07/31/1966,USPAYEMSM,,,,64301
08/31/1966,USPAYEMSM,,,,64507
09/30/1966,USPAYEMSM,,,,64643
10/31/1966,USPAYEMSM,,,,64854
11/30/1966,USPAYEMSM,,,,65019
12/31/1966,USPAYEMSM,,,,65199
01/31/1967,USPAYEMSM,,,,65407
02/28/1967,USPAYEMSM,,,,65429
03/31/1967,USPAYEMSM,,,,65530
04/30/1967,USPAYEMSM,,,,65466
05/31/1967,USPAYEMSM,,,,65620
06/30/1967,USPAYEMSM,,,,65750
07/31/1967,USPAYEMSM,,,,65888
08/31/1967,USPAYEMSM,,,,66143
09/30/1967,USPAYEMSM,,,,66164
10/31/1967,USPAYEMSM,,,,66225
11/30/1967,USPAYEMSM,,,,66703
12/31/1967,USPAYEMSM,,,,66900
01/31/1968,USPAYEMSM,,,,66804
02/29/1968,USPAYEMSM,,,,67215
03/31/1968,USPAYEMSM,,,,67295
04/30/1968,USPAYEMSM,,,,67556
05/31/1968,USPAYEMSM,,,,67652
06/30/1968,USPAYEMSM,,,,67905
07/31/1968,USPAYEMSM,,,,68126
08/31/1968,USPAYEMSM,,,,68330
09/30/1968,USPAYEMSM,,,,68484
10/31/1968,USPAYEMSM,,,,68721
11/30/1968,USPAYEMSM,,,,68984
12/31/1968,USPAYEMSM,,,,69248
01/31/1969,USPAYEMSM,,,,69439
02/28/1969,USPAYEMSM,,,,69699
03/31/1969,USPAYEMSM,,,,69905
04/30/1969,USPAYEMSM,,,,70072
05/31/1969,USPAYEMSM,,,,70328
06/30/1969,USPAYEMSM,,,,70636
07/31/1969,USPAYEMSM,,,,70729
08/31/1969,USPAYEMSM,,,,71008
09/30/1969,USPAYEMSM,,,,70914
10/31/1969,USPAYEMSM,,,,71121
11/30/1969,USPAYEMSM,,,,71086
12/31/1969,USPAYEMSM,,,,71241
01/31/1970,USPAYEMSM,,,,71176
02/28/1970,USPAYEMSM,,,,71305
03/31/1970,USPAYEMSM,,,,71451
04/30/1970,USPAYEMSM,,,,71348
05/31/1970,USPAYEMSM,,,,71124
06/30/1970,USPAYEMSM,,,,71029
07/31/1970,USPAYEMSM,,,,71053
08/31/1970,USPAYEMSM,,,,70937
09/30/1970,USPAYEMSM,,,,70944
10/31/1970,USPAYEMSM,,,,70521
11/30/1970,USPAYEMSM,,,,70409
12/31/1970,USPAYEMSM,,,,70792
01/31/1971,USPAYEMSM,,,,70865
02/28/1971,USPAYEMSM,,,,70807
03/31/1971,USPAYEMSM,,,,70860
04/30/1971,USPAYEMSM,,,,71036
05/31/1971,USPAYEMSM,,,,71247
06/30/1971,USPAYEMSM,,,,71254
07/31/1971,USPAYEMSM,,,,71315
08/31/1971,USPAYEMSM,,,,71373
09/30/1971,USPAYEMSM,,,,71614
10/31/1971,USPAYEMSM,,,,71642
11/30/1971,USPAYEMSM,,,,71847
12/31/1971,USPAYEMSM,,,,72109
01/31/1972,USPAYEMSM,,,,72441
02/29/1972,USPAYEMSM,,,,72648
03/31/1972,USPAYEMSM,,,,72944
04/30/1972,USPAYEMSM,,,,73162
05/31/1972,USPAYEMSM,,,,73469
06/30/1972,USPAYEMSM,,,,73758
07/31/1972,USPAYEMSM,,,,73709
08/31/1972,USPAYEMSM,,,,74141
09/30/1972,USPAYEMSM,,,,74264
10/31/1972,USPAYEMSM,,,,74674
11/30/1972,USPAYEMSM,,,,74973
12/31/1972,USPAYEMSM,,,,75268
01/31/1973,USPAYEMSM,,,,75617
02/28/1973,USPAYEMSM,,,,76014
03/31/1973,USPAYEMSM,,,,76284
04/30/1973,USPAYEMSM,,,,76455
05/31/1973,USPAYEMSM,,,,76648
06/30/1973,USPAYEMSM,,,,76887
07/31/1973,USPAYEMSM,,,,76913
08/31/1973,USPAYEMSM,,,,77168
09/30/1973,USPAYEMSM,,,,77276
10/31/1973,USPAYEMSM,,,,77607
11/30/1973,USPAYEMSM,,,,77920
12/31/1973,USPAYEMSM,,,,78031
01/31/1974,USPAYEMSM,,,,78100
02/28/1974,USPAYEMSM,,,,78254
03/31/1974,USPAYEMSM,,,,78296
04/30/1974,USPAYEMSM,,,,78382
05/31/1974,USPAYEMSM,,,,78549
06/30/1974,USPAYEMSM,,,,78604
07/31/1974,USPAYEMSM,,,,78636
08/31/1974,USPAYEMSM,,,,78619
09/30/1974,USPAYEMSM,,,,78610
10/31/1974,USPAYEMSM,,,,78630
11/30/1974,USPAYEMSM,,,,78265
12/31/1974,USPAYEMSM,,,,77652
01/31/1975,USPAYEMSM,,,,77293
02/28/1975,USPAYEMSM,,,,76918
03/31/1975,USPAYEMSM,,,,76648
04/30/1975,USPAYEMSM,,,,76460
05/31/1975,USPAYEMSM,,,,76624
06/30/1975,USPAYEMSM,,,,76521
07/31/1975,USPAYEMSM,,,,76770
08/31/1975,USPAYEMSM,,,,77153
09/30/1975,USPAYEMSM,,,,77228
10/31/1975,USPAYEMSM,,,,77540
11/30/1975,USPAYEMSM,,,,77685
12/31/1975,USPAYEMSM,,,,78017
01/31/1976,USPAYEMSM,,,,78503
02/29/1976,USPAYEMSM,,,,78816
03/31/1976,USPAYEMSM,,,,79048
04/30/1976,USPAYEMSM,,,,79292
05/31/1976,USPAYEMSM,,,,79312
06/30/1976,USPAYEMSM,,,,79376
07/31/1976,USPAYEMSM,,,,79547
08/31/1976,USPAYEMSM,,,,79704
09/30/1976,USPAYEMSM,,,,79892
10/31/1976,USPAYEMSM,,,,79911
11/30/1976,USPAYEMSM,,,,80240
12/31/1976,USPAYEMSM,,,,80448
01/31/1977,USPAYEMSM,,,,80690
02/28/1977,USPAYEMSM,,,,80988
03/31/1977,USPAYEMSM,,,,81391
04/30/1977,USPAYEMSM,,,,81728
05/31/1977,USPAYEMSM,,,,82088
06/30/1977,USPAYEMSM,,,,82488
07/31/1977,USPAYEMSM,,,,82834
08/31/1977,USPAYEMSM,,,,83075
09/30/1977,USPAYEMSM,,,,83532
10/31/1977,USPAYEMSM,,,,83800
11/30/1977,USPAYEMSM,,,,84173
12/31/1977,USPAYEMSM,,,,84410
01/31/1978,USPAYEMSM,,,,84594
02/28/1978,USPAYEMSM,,,,84948
03/31/1978,USPAYEMSM,,,,85460
04/30/1978,USPAYEMSM,,,,86162
05/31/1978,USPAYEMSM,,,,86509
06/30/1978,USPAYEMSM,,,,86950
07/31/1978,USPAYEMSM,,,,87204
08/31/1978,USPAYEMSM,,,,87483
09/30/1978,USPAYEMSM,,,,87621
10/31/1978,USPAYEMSM,,,,87956
11/30/1978,USPAYEMSM,,,,88391
12/31/1978,USPAYEMSM,,,,88671
01/31/1979,USPAYEMSM,,,,88808
02/28/1979,USPAYEMSM,,,,89055
03/31/1979,USPAYEMSM,,,,89479
04/30/1979,USPAYEMSM,,,,89417
05/31/1979,USPAYEMSM,,,,89789
06/30/1979,USPAYEMSM,,,,90108
07/31/1979,USPAYEMSM,,,,90217
08/31/1979,USPAYEMSM,,,,90300
09/30/1979,USPAYEMSM,,,,90327
10/31/1979,USPAYEMSM,,,,90481
11/30/1979,USPAYEMSM,,,,90573
12/31/1979,USPAYEMSM,,,,90672
01/31/1980,USPAYEMSM,,,,90800
02/29/1980,USPAYEMSM,,,,90883
03/31/1980,USPAYEMSM,,,,90994
04/30/1980,USPAYEMSM,,,,90849
05/31/1980,USPAYEMSM,,,,90420
06/30/1980,USPAYEMSM,,,,90101
07/31/1980,USPAYEMSM,,,,89840
08/31/1980,USPAYEMSM,,,,90099
09/30/1980,USPAYEMSM,,,,90213
10/31/1980,USPAYEMSM,,,,90490
11/30/1980,USPAYEMSM,,,,90747
12/31/1980,USPAYEMSM,,,,90943
01/31/1981,USPAYEMSM,,,,91033
02/28/1981,USPAYEMSM,,,,91105
03/31/1981,USPAYEMSM,,,,91210
04/30/1981,USPAYEMSM,,,,91283
05/31/1981,USPAYEMSM,,,,91296
06/30/1981,USPAYEMSM,,,,91490
07/31/1981,USPAYEMSM,,,,91601
08/31/1981,USPAYEMSM,,,,91565
09/30/1981,USPAYEMSM,,,,91477
10/31/1981,USPAYEMSM,,,,91380
11/30/1981,USPAYEMSM,,,,91171
12/31/1981,USPAYEMSM,,,,90895
01/31/1982,USPAYEMSM,,,,90565
02/28/1982,USPAYEMSM,,,,90563
03/31/1982,USPAYEMSM,,,,90434
04/30/1982,USPAYEMSM,,,,90150
05/31/1982,USPAYEMSM,,,,90107
06/30/1982,USPAYEMSM,,,,89865
07/31/1982,USPAYEMSM,,,,89521
08/31/1982,USPAYEMSM,,,,89363
09/30/1982,USPAYEMSM,,,,89183
10/31/1982,USPAYEMSM,,,,88907
11/30/1982,USPAYEMSM,,,,88786
12/31/1982,USPAYEMSM,,,,88771
01/31/1983,USPAYEMSM,,,,88990
02/28/1983,USPAYEMSM,,,,88917
03/31/1983,USPAYEMSM,,,,89090
04/30/1983,USPAYEMSM,,,,89364
05/31/1983,USPAYEMSM,,,,89644
06/30/1983,USPAYEMSM,,,,90021
07/31/1983,USPAYEMSM,,,,90437
08/31/1983,USPAYEMSM,,,,90129
09/30/1983,USPAYEMSM,,,,91247
10/31/1983,USPAYEMSM,,,,91520
11/30/1983,USPAYEMSM,,,,91875
12/31/1983,USPAYEMSM,,,,92230
01/31/1984,USPAYEMSM,,,,92673
02/29/1984,USPAYEMSM,,,,93157
03/31/1984,USPAYEMSM,,,,93429
04/30/1984,USPAYEMSM,,,,93792
05/31/1984,USPAYEMSM,,,,94098
06/30/1984,USPAYEMSM,,,,94479
07/31/1984,USPAYEMSM,,,,94789
08/31/1984,USPAYEMSM,,,,95032
09/30/1984,USPAYEMSM,,,,95344
10/31/1984,USPAYEMSM,,,,95629
11/30/1984,USPAYEMSM,,,,95982
12/31/1984,USPAYEMSM,,,,96107
01/31/1985,USPAYEMSM,,,,96372
02/28/1985,USPAYEMSM,,,,96503
03/31/1985,USPAYEMSM,,,,96842
04/30/1985,USPAYEMSM,,,,97038
05/31/1985,USPAYEMSM,,,,97312
06/30/1985,USPAYEMSM,,,,97459
07/31/1985,USPAYEMSM,,,,97648
08/31/1985,USPAYEMSM,,,,97840
09/30/1985,USPAYEMSM,,,,98045
10/31/1985,USPAYEMSM,,,,98233
11/30/1985,USPAYEMSM,,,,98443
12/31/1985,USPAYEMSM,,,,98609
01/31/1986,USPAYEMSM,,,,98732
02/28/1986,USPAYEMSM,,,,98847
03/31/1986,USPAYEMSM,,,,98934
04/30/1986,USPAYEMSM,,,,99121
05/31/1986,USPAYEMSM,,,,99248
06/30/1986,USPAYEMSM,,,,99155
07/31/1986,USPAYEMSM,,,,99473
08/31/1986,USPAYEMSM,,,,99588
09/30/1986,USPAYEMSM,,,,99934
10/31/1986,USPAYEMSM,,,,100121
11/30/1986,USPAYEMSM,,,,100308
12/31/1986,USPAYEMSM,,,,100509
01/31/1987,USPAYEMSM,,,,100678
02/28/1987,USPAYEMSM,,,,100919
03/31/1987,USPAYEMSM,,,,101164
04/30/1987,USPAYEMSM,,,,101499
05/31/1987,USPAYEMSM,,,,101728
06/30/1987,USPAYEMSM,,,,101900
07/31/1987,USPAYEMSM,,,,102247
08/31/1987,USPAYEMSM,,,,102420
09/30/1987,USPAYEMSM,,,,102647
10/31/1987,USPAYEMSM,,,,103138
11/30/1987,USPAYEMSM,,,,103372
12/31/1987,USPAYEMSM,,,,103661
01/31/1988,USPAYEMSM,,,,103753
02/29/1988,USPAYEMSM,,,,104214
03/31/1988,USPAYEMSM,,,,104489
04/30/1988,USPAYEMSM,,,,104732
05/31/1988,USPAYEMSM,,,,104962
06/30/1988,USPAYEMSM,,,,105326
07/31/1988,USPAYEMSM,,,,105550
08/31/1988,USPAYEMSM,,,,105674
09/30/1988,USPAYEMSM,,,,106013
10/31/1988,USPAYEMSM,,,,106276
11/30/1988,USPAYEMSM,,,,106617
12/31/1988,USPAYEMSM,,,,106898
01/31/1989,USPAYEMSM,,,,107161
02/28/1989,USPAYEMSM,,,,107427
03/31/1989,USPAYEMSM,,,,107621
04/30/1989,USPAYEMSM,,,,107791
05/31/1989,USPAYEMSM,,,,107913
06/30/1989,USPAYEMSM,,,,108027
07/31/1989,USPAYEMSM,,,,108069
08/31/1989,USPAYEMSM,,,,108120
09/30/1989,USPAYEMSM,,,,108369
10/31/1989,USPAYEMSM,,,,108476
11/30/1989,USPAYEMSM,,,,108752
12/31/1989,USPAYEMSM,,,,108836
01/31/1990,USPAYEMSM,,,,109199
02/28/1990,USPAYEMSM,,,,109435
03/31/1990,USPAYEMSM,,,,109644
04/30/1990,USPAYEMSM,,,,109686
05/31/1990,USPAYEMSM,,,,109839
06/30/1990,USPAYEMSM,,,,109856
07/31/1990,USPAYEMSM,,,,109824
08/31/1990,USPAYEMSM,,,,109616
09/30/1990,USPAYEMSM,,,,109518
10/31/1990,USPAYEMSM,,,,109367
11/30/1990,USPAYEMSM,,,,109214
12/31/1990,USPAYEMSM,,,,109166
01/31/1991,USPAYEMSM,,,,109055
02/28/1991,USPAYEMSM,,,,108734
03/31/1991,USPAYEMSM,,,,108574
04/30/1991,USPAYEMSM,,,,108364
05/31/1991,USPAYEMSM,,,,108249
06/30/1991,USPAYEMSM,,,,108334
07/31/1991,USPAYEMSM,,,,108292
08/31/1991,USPAYEMSM,,,,108310
09/30/1991,USPAYEMSM,,,,108336
10/31/1991,USPAYEMSM,,,,108357
11/30/1991,USPAYEMSM,,,,108296
12/31/1991,USPAYEMSM,,,,108328
01/31/1992,USPAYEMSM,,,,108369
02/29/1992,USPAYEMSM,,,,108311
03/31/1992,USPAYEMSM,,,,108365
04/30/1992,USPAYEMSM,,,,108519
05/31/1992,USPAYEMSM,,,,108649
06/30/1992,USPAYEMSM,,,,108715
07/31/1992,USPAYEMSM,,,,108793
08/31/1992,USPAYEMSM,,,,108925
09/30/1992,USPAYEMSM,,,,108959
10/31/1992,USPAYEMSM,,,,109139
11/30/1992,USPAYEMSM,,,,109272
12/31/1992,USPAYEMSM,,,,109495
01/31/1993,USPAYEMSM,,,,109794
02/28/1993,USPAYEMSM,,,,110044
03/31/1993,USPAYEMSM,,,,109994
04/30/1993,USPAYEMSM,,,,110296
05/31/1993,USPAYEMSM,,,,110568
06/30/1993,USPAYEMSM,,,,110749
07/31/1993,USPAYEMSM,,,,111055
08/31/1993,USPAYEMSM,,,,111206
09/30/1993,USPAYEMSM,,,,111448
10/31/1993,USPAYEMSM,,,,111733
11/30/1993,USPAYEMSM,,,,111984
12/31/1993,USPAYEMSM,,,,112314
01/31/1994,USPAYEMSM,,,,112595
02/28/1994,USPAYEMSM,,,,112781
03/31/1994,USPAYEMSM,,,,113242
04/30/1994,USPAYEMSM,,,,113586
05/31/1994,USPAYEMSM,,,,113921
06/30/1994,USPAYEMSM,,,,114238
07/31/1994,USPAYEMSM,,,,114610
08/31/1994,USPAYEMSM,,,,114896
09/30/1994,USPAYEMSM,,,,115247
10/31/1994,USPAYEMSM,,,,115458
11/30/1994,USPAYEMSM,,,,115869
12/31/1994,USPAYEMSM,,,,116165
01/31/1995,USPAYEMSM,,,,116501
02/28/1995,USPAYEMSM,,,,116697
03/31/1995,USPAYEMSM,,,,116907
04/30/1995,USPAYEMSM,,,,117069
05/31/1995,USPAYEMSM,,,,117049
06/30/1995,USPAYEMSM,,,,117286
07/31/1995,USPAYEMSM,,,,117380
08/31/1995,USPAYEMSM,,,,117634
09/30/1995,USPAYEMSM,,,,117875
10/31/1995,USPAYEMSM,,,,118031
11/30/1995,USPAYEMSM,,,,118175
12/31/1995,USPAYEMSM,,,,118320
01/31/1996,USPAYEMSM,,,,118316
02/29/1996,USPAYEMSM,,,,118739
03/31/1996,USPAYEMSM,,,,118993
04/30/1996,USPAYEMSM,,,,119158
05/31/1996,USPAYEMSM,,,,119486
06/30/1996,USPAYEMSM,,,,119769
07/31/1996,USPAYEMSM,,,,120015
08/31/1996,USPAYEMSM,,,,120199
09/30/1996,USPAYEMSM,,,,120410
10/31/1996,USPAYEMSM,,,,120665
11/30/1996,USPAYEMSM,,,,120961
12/31/1996,USPAYEMSM,,,,121143
01/31/1997,USPAYEMSM,,,,121363
02/28/1997,USPAYEMSM,,,,121675
03/31/1997,USPAYEMSM,,,,121990
04/30/1997,USPAYEMSM,,,,122286
05/31/1997,USPAYEMSM,,,,122546
06/30/1997,USPAYEMSM,,,,122814
07/31/1997,USPAYEMSM,,,,123111
08/31/1997,USPAYEMSM,,,,123093
09/30/1997,USPAYEMSM,,,,123585
10/31/1997,USPAYEMSM,,,,123929
11/30/1997,USPAYEMSM,,,,124235
12/31/1997,USPAYEMSM,,,,124549
01/31/1998,USPAYEMSM,,,,124812
02/28/1998,USPAYEMSM,,,,125016
03/31/1998,USPAYEMSM,,,,125164
04/30/1998,USPAYEMSM,,,,125442
05/31/1998,USPAYEMSM,,,,125844
06/30/1998,USPAYEMSM,,,,126076
07/31/1998,USPAYEMSM,,,,126205
08/31/1998,USPAYEMSM,,,,126544
09/30/1998,USPAYEMSM,,,,126752
10/31/1998,USPAYEMSM,,,,126954
11/30/1998,USPAYEMSM,,,,127231
12/31/1998,USPAYEMSM,,,,127596
01/31/1999,USPAYEMSM,,,,127702
02/28/1999,USPAYEMSM,,,,128120
03/31/1999,USPAYEMSM,,,,128227
04/30/1999,USPAYEMSM,,,,128597
05/31/1999,USPAYEMSM,,,,128808
06/30/1999,USPAYEMSM,,,,129089
07/31/1999,USPAYEMSM,,,,129414
08/31/1999,USPAYEMSM,,,,129569
09/30/1999,USPAYEMSM,,,,129772
10/31/1999,USPAYEMSM,,,,130177
11/30/1999,USPAYEMSM,,,,130466
12/31/1999,USPAYEMSM,,,,130772
01/31/2000,USPAYEMSM,,,,131005
02/29/2000,USPAYEMSM,,,,131124
03/31/2000,USPAYEMSM,,,,131596
04/30/2000,USPAYEMSM,,,,131888
05/31/2000,USPAYEMSM,,,,132105
06/30/2000,USPAYEMSM,,,,132061
07/31/2000,USPAYEMSM,,,,132236
08/31/2000,USPAYEMSM,,,,132230
09/30/2000,USPAYEMSM,,,,132353
10/31/2000,USPAYEMSM,,,,132351
11/30/2000,USPAYEMSM,,,,132556
12/31/2000,USPAYEMSM,,,,132709
01/31/2001,USPAYEMSM,,,,132698
02/28/2001,USPAYEMSM,,,,132789
03/31/2001,USPAYEMSM,,,,132747
04/30/2001,USPAYEMSM,,,,132463
05/31/2001,USPAYEMSM,,,,132410
06/30/2001,USPAYEMSM,,,,132299
07/31/2001,USPAYEMSM,,,,132177
08/31/2001,USPAYEMSM,,,,132028
09/30/2001,USPAYEMSM,,,,131771
10/31/2001,USPAYEMSM,,,,131454
11/30/2001,USPAYEMSM,,,,131142
12/31/2001,USPAYEMSM,,,,130982
01/31/2002,USPAYEMSM,,,,130852
02/28/2002,USPAYEMSM,,,,130736
03/31/2002,USPAYEMSM,,,,130717
04/30/2002,USPAYEMSM,,,,130623
05/31/2002,USPAYEMSM,,,,130634
06/30/2002,USPAYEMSM,,,,130684
07/31/2002,USPAYEMSM,,,,130590
08/31/2002,USPAYEMSM,,,,130587
09/30/2002,USPAYEMSM,,,,130501
10/31/2002,USPAYEMSM,,,,130628
11/30/2002,USPAYEMSM,,,,130615
12/31/2002,USPAYEMSM,,,,130472
01/31/2003,USPAYEMSM,,,,130580
02/28/2003,USPAYEMSM,,,,130444
03/31/2003,USPAYEMSM,,,,130232
04/30/2003,USPAYEMSM,,,,130177
05/31/2003,USPAYEMSM,,,,130196
06/30/2003,USPAYEMSM,,,,130194
07/31/2003,USPAYEMSM,,,,130191
08/31/2003,USPAYEMSM,,,,130149
09/30/2003,USPAYEMSM,,,,130254
10/31/2003,USPAYEMSM,,,,130454
11/30/2003,USPAYEMSM,,,,130474
12/31/2003,USPAYEMSM,,,,130588
01/31/2004,USPAYEMSM,,,,130769
02/29/2004,USPAYEMSM,,,,130825
03/31/2004,USPAYEMSM,,,,131142
04/30/2004,USPAYEMSM,,,,131411
05/31/2004,USPAYEMSM,,,,131694
06/30/2004,USPAYEMSM,,,,131793
07/31/2004,USPAYEMSM,,,,131848
08/31/2004,USPAYEMSM,,,,131937
09/30/2004,USPAYEMSM,,,,132093
10/31/2004,USPAYEMSM,,,,132447
11/30/2004,USPAYEMSM,,,,132503
12/31/2004,USPAYEMSM,,,,132624
01/31/2005,USPAYEMSM,,,,132774
02/28/2005,USPAYEMSM,,,,133032
03/31/2005,USPAYEMSM,,,,133156
04/30/2005,USPAYEMSM,,,,133518
05/31/2005,USPAYEMSM,,,,133690
06/30/2005,USPAYEMSM,,,,133942
07/31/2005,USPAYEMSM,,,,134296
08/31/2005,USPAYEMSM,,,,134498
09/30/2005,USPAYEMSM,,,,134566
10/31/2005,USPAYEMSM,,,,134655
11/30/2005,USPAYEMSM,,,,134993
12/31/2005,USPAYEMSM,,,,135149
01/31/2006,USPAYEMSM,,,,135429
02/28/2006,USPAYEMSM,,,,135737
03/31/2006,USPAYEMSM,,,,136047
04/30/2006,USPAYEMSM,,,,136205
05/31/2006,USPAYEMSM,,,,136244
06/30/2006,USPAYEMSM,,,,136325
07/31/2006,USPAYEMSM,,,,136520
08/31/2006,USPAYEMSM,,,,136694
09/30/2006,USPAYEMSM,,,,136843
10/31/2006,USPAYEMSM,,,,136852
11/30/2006,USPAYEMSM,,,,137063
12/31/2006,USPAYEMSM,,,,137249
01/31/2007,USPAYEMSM,,,,137477
02/28/2007,USPAYEMSM,,,,137558
03/31/2007,USPAYEMSM,,,,137793
04/30/2007,USPAYEMSM,,,,137842
05/31/2007,USPAYEMSM,,,,137993
06/30/2007,USPAYEMSM,,,,138069
07/31/2007,USPAYEMSM,,,,138038
08/31/2007,USPAYEMSM,,,,138015
09/30/2007,USPAYEMSM,,,,138095
10/31/2007,USPAYEMSM,,,,138174
11/30/2007,USPAYEMSM,,,,138284
12/31/2007,USPAYEMSM,,,,138392
01/31/2008,USPAYEMSM,,,,138403
02/29/2008,USPAYEMSM,,,,138324
03/31/2008,USPAYEMSM,,,,138275
04/30/2008,USPAYEMSM,,,,138035
05/31/2008,USPAYEMSM,,,,137858
06/30/2008,USPAYEMSM,,,,137687
07/31/2008,USPAYEMSM,,,,137491
08/31/2008,USPAYEMSM,,,,137213
09/30/2008,USPAYEMSM,,,,136753
10/31/2008,USPAYEMSM,,,,136272
11/30/2008,USPAYEMSM,,,,135545
12/31/2008,USPAYEMSM,,,,134839
01/31/2009,USPAYEMSM,,,,134055
02/28/2009,USPAYEMSM,,,,133312
03/31/2009,USPAYEMSM,,,,132512
04/30/2009,USPAYEMSM,,,,131817
05/31/2009,USPAYEMSM,,,,131475
06/30/2009,USPAYEMSM,,,,131008
07/31/2009,USPAYEMSM,,,,130668
08/31/2009,USPAYEMSM,,,,130485
09/30/2009,USPAYEMSM,,,,130244
10/31/2009,USPAYEMSM,,,,130045
11/30/2009,USPAYEMSM,,,,130057
12/31/2009,USPAYEMSM,,,,129788
01/31/2010,USPAYEMSM,,,,129790
02/28/2010,USPAYEMSM,,,,129698
03/31/2010,USPAYEMSM,,,,129879
04/30/2010,USPAYEMSM,,,,130110
05/31/2010,USPAYEMSM,,,,130650
06/30/2010,USPAYEMSM,,,,130511
07/31/2010,USPAYEMSM,,,,130427
08/31/2010,USPAYEMSM,,,,130422
09/30/2010,USPAYEMSM,,,,130357
10/31/2010,USPAYEMSM,,,,130625
11/30/2010,USPAYEMSM,,,,130750
12/31/2010,USPAYEMSM,,,,130822
01/31/2011,USPAYEMSM,,,,130841
02/28/2011,USPAYEMSM,,,,131053
03/31/2011,USPAYEMSM,,,,131288
04/30/2011,USPAYEMSM,,,,131602
05/31/2011,USPAYEMSM,,,,131703
06/30/2011,USPAYEMSM,,,,131939
07/31/2011,USPAYEMSM,,,,131999
08/31/2011,USPAYEMSM,,,,132125
09/30/2011,USPAYEMSM,,,,132358
10/31/2011,USPAYEMSM,,,,132562
11/30/2011,USPAYEMSM,,,,132694
12/31/2011,USPAYEMSM,,,,132896
01/31/2012,USPAYEMSM,,,,133250
02/29/2012,USPAYEMSM,,,,133512
03/31/2012,USPAYEMSM,,,,133752
04/30/2012,USPAYEMSM,,,,133834
05/31/2012,USPAYEMSM,,,,133934
06/30/2012,USPAYEMSM,,,,134007
07/31/2012,USPAYEMSM,,,,134159
08/31/2012,USPAYEMSM,,,,134331
09/30/2012,USPAYEMSM,,,,134518
10/31/2012,USPAYEMSM,,,,134677
11/30/2012,USPAYEMSM,,,,134833
12/31/2012,USPAYEMSM,,,,135072
01/31/2013,USPAYEMSM,,,,135263
02/28/2013,USPAYEMSM,,,,135541
03/31/2013,USPAYEMSM,,,,135680
04/30/2013,USPAYEMSM,,,,135871
05/31/2013,USPAYEMSM,,,,136093
06/30/2013,USPAYEMSM,,,,136274
07/31/2013,USPAYEMSM,,,,136386
08/31/2013,USPAYEMSM,,,,136628
09/30/2013,USPAYEMSM,,,,136815
10/31/2013,USPAYEMSM,,,,137040
11/30/2013,USPAYEMSM,,,,137304
12/31/2013,USPAYEMSM,,,,137373
01/31/2014,USPAYEMSM,,,,137548
02/28/2014,USPAYEMSM,,,,137714
03/31/2014,USPAYEMSM,,,,137968
04/30/2014,USPAYEMSM,,,,138293
05/31/2014,USPAYEMSM,,,,138511
06/30/2014,USPAYEMSM,,,,138837
07/31/2014,USPAYEMSM,,,,139069
08/31/2014,USPAYEMSM,,,,139257
09/30/2014,USPAYEMSM,,,,139566
10/31/2014,USPAYEMSM,,,,139818
11/30/2014,USPAYEMSM,,,,140109
12/31/2014,USPAYEMSM,,,,140377
01/31/2015,USPAYEMSM,,,,140568
02/28/2015,USPAYEMSM,,,,140839
03/31/2015,USPAYEMSM,,,,140910
04/30/2015,USPAYEMSM,,,,141194
05/31/2015,USPAYEMSM,,,,141525
06/30/2015,USPAYEMSM,,,,141699
07/31/2015,USPAYEMSM,,,,142001
08/31/2015,USPAYEMSM,,,,142126
09/30/2015,USPAYEMSM,,,,142281
10/31/2015,USPAYEMSM,,,,142587
11/30/2015,USPAYEMSM,,,,142824
12/31/2015,USPAYEMSM,,,,143097
01/31/2016,USPAYEMSM,,,,143205
02/29/2016,USPAYEMSM,,,,143417
03/31/2016,USPAYEMSM,,,,143654
04/30/2016,USPAYEMSM,,,,143851
05/31/2016,USPAYEMSM,,,,143892
06/30/2016,USPAYEMSM,,,,144150
07/31/2016,USPAYEMSM,,,,144521
08/31/2016,USPAYEMSM,,,,144664
09/30/2016,USPAYEMSM,,,,144953
10/31/2016,USPAYEMSM,,,,145071
11/30/2016,USPAYEMSM,,,,145201
12/31/2016,USPAYEMSM,,,,145415
01/31/2017,USPAYEMSM,,,,145612
02/28/2017,USPAYEMSM,,,,145795
03/31/2017,USPAYEMSM,,,,145934
04/30/2017,USPAYEMSM,,,,146154
05/31/2017,USPAYEMSM,,,,146295
06/30/2017,USPAYEMSM,,,,146506
07/31/2017,USPAYEMSM,,,,146734
08/31/2017,USPAYEMSM,,,,146924
09/30/2017,USPAYEMSM,,,,146966
10/31/2017,USPAYEMSM,,,,147215
11/30/2017,USPAYEMSM,,,,147411
12/31/2017,USPAYEMSM,,,,147590
01/31/2018,USPAYEMSM,,,,147671
02/28/2018,USPAYEMSM,,,,148049
03/31/2018,USPAYEMSM,,,,148244
04/30/2018,USPAYEMSM,,,,148397
05/31/2018,USPAYEMSM,,,,148667
06/30/2018,USPAYEMSM,,,,148881
07/31/2018,USPAYEMSM,,,,149030
08/31/2018,USPAYEMSM,,,,149259
09/30/2018,USPAYEMSM,,,,149364
10/31/2018,USPAYEMSM,,,,149576
11/30/2018,USPAYEMSM,,,,149668
12/31/2018,USPAYEMSM,,,,149908
01/31/2019,USPAYEMSM,,,,150145
02/28/2019,USPAYEMSM,,,,150095
03/31/2019,USPAYEMSM,,,,150263
04/30/2019,USPAYEMSM,,,,150482
05/31/2019,USPAYEMSM,,,,150545
06/30/2019,USPAYEMSM,,,,150720
07/31/2019,USPAYEMSM,,,,150913
08/31/2019,USPAYEMSM,,,,151108
09/30/2019,USPAYEMSM,,,,151329
10/31/2019,USPAYEMSM,,,,151524
11/30/2019,USPAYEMSM,,,,151758
12/31/2019,USPAYEMSM,,,,151919
01/31/2020,USPAYEMSM,,,,152234
02/29/2020,USPAYEMSM,,,,152523
03/31/2020,USPAYEMSM,,,,150840
04/30/2020,USPAYEMSM,,,,130161
05/31/2020,USPAYEMSM,,,,132994
06/30/2020,USPAYEMSM,,,,137840
07/31/2020,USPAYEMSM,,,,139566
08/31/2020,USPAYEMSM,,,,141149
09/30/2020,USPAYEMSM,,,,141865
10/31/2020,USPAYEMSM,,,,142545
11/30/2020,USPAYEMSM,,,,142809
12/31/2020,USPAYEMSM,,,,142582
01/31/2021,USPAYEMSM,,,,142631
